file_name,text
page001_line001.png,र्द्ध्यो व्वि॒ ष्णुः प रा र्द्ध्यं स्त त्स॒ र्व्वा श्चै॒ वै त॒ द्दे व॒ ताः प रि गृ॒ ह्य
page001_line002.png,स॒ र्व्वं च य ज्ञं॒ प रि गृ॒ ह्य सू या ऽ इ॒ ति त॒ स्मा दा ग्ना वै
page001_line003.png,ष्ण व ऽ ए॒ का द श क पा लः पु रो डा॒ शो भ व ति त॒ स्य हि॒
page001_line004.png,र ण्यं द॒ क्षि णा ग्ने यो वा॒ ऽ ए ष॒ य ज्ञो॒ भ व त्य ग्ने रे॒ तो हि॒
page001_line005.png,र ण्यं यो वै वि॒ ष्णुः स॒ य॒ ज्ञो ग्नि॒ रु वै॒ य ज्ञ॒ ऽ ए व त॒ दु त॒
page001_line006.png,दा ग्ने य॒ मे व त॒ स्मा द्धि॒ र ण्यं द॒ क्षि णा॒।६। अ॒ थ श्वो॒ भू
page001_line007.png,ते॒। अ ग्नी षो मी॒ य मे॒ का द श क पा लं पु रो डा॒ शं नि॒ र्व्व
page001_line008.png,प ति ते॒ न य थे॒ ष्ट्यै वं॒ य ज त ऽ ए ते॒ न वा इं॒ द्रो व्वृ त्र॒ म ह
page001_line009.png,न्ने ते॒ नो ऽ ए व व्य॒ ज य त या॒ स्ये यं व्वि॒ जि ति स्तां त॒ थो ऽ ए॒
page001_line010.png,वै ष॒ ऽ ए ते॒ न पा प्मा॒ नं द्वि ष॒ न्तं भ्रा॒ तृ व्य ᳰ हं ति त॒ थो ऽ
page001_line011.png,ए व व्वि॒ ज य ते व्वि॒ जि ते॒ भ ये ना ष्ट्रे॒ सू या ऽ इ॒ ति त॒ स्मा द
page001_line012.png,ग्नी षो मी॒ य ऽ ए॒ का द श क पा लः पु रो डा॒ शो भ व ति
page003_line001.png,अ॒ नु म त्यै ह वि॒ र ष्टा॒ क पा ल म्पु रो डा॒ शं नि॒ र्व्व प ति स ये॒
page003_line002.png,ज घ॒ ने न श॒ म्यां पि ष्य॒ मा णा ना म व शी यं॒ ते पि ष्टा॒ नि
page003_line003.png,वा त ण्डु ला॒ वा तां॒ त्स्रु वे॒ सा र्ध ᳰ सं॒ व्व प त्य न्वा हा र्य प॒ च
page003_line004.png,ना दु॒ ल्मु क मा॒ द द ते ते॒ न द क्षि णा॒ य न्ति स य॒ त्र स्व॒ कृ
page003_line005.png,तं व्वे॒ रि णं व्विं द॒ ति श्व भ्र प्र द रं॒ वा। श त॒ द ग्नि॒ ᳰ स मा धा॒
page003_line006.png,य जु हो ति। ए ष॒ ते नि रृ ते भा ग स्तं॒ जु ष स्व स्वा हे॒ ती यं
page003_line007.png,वै नि॒ रृ तिः सा यं॒ पा प्म॒ ना गृ ह्णा॒ ति तं नि॒ रृ त्या गृ ह्णा ति
page003_line008.png,त द्य॒ दे॒ वा स्या ऽ अ॒ त्र नै रृ त॒ ᳰ रू पं त॒ दे॒ वै त॒ छ म य ति त॒
page003_line009.png,थो है न ᳰ सू य॒ मा नं नि॒ रृ ति र्न॒ गृ ह्णा त्य॒ थ य त्स्व॒ कृ ते
page003_line010.png,वे॒ रि णे जु हो॒ ति श्व भ्र प्र द रे॒ वै त॒ दु ह्य॒ स्यै नि॒ रृ ति गृ ही
page003_line011.png,तम्।३। अ था॒ प्र ती क्षं पु॒ न रा॒ यं ति। अ था॒ नु म त्या ऽ अ ष्टा॒ क
page003_line012.png,पा ले न पु रो डा॒ शे न प्र॒ च र ती यं वा अ॒ नु म तिः स य स्त
page004_line001.png,ते श स्त्र॒ स्य।१९। त द्धै॒ के। ऽ ए त त्कृ त्वा॒ थै त॒ त्कु र्व्वं ति त॒
page004_line002.png,दु त॒ था न॒ कु र्या दा त्मा वै॒ स्तो त्रं॒ प्र जा॒ श स्त्र॒ मे त॒ स्मा
page004_line003.png,द्ध स य॒ ज मा नं प्र॒ णा श य ति स॒ जि ह्म॒ ऽ ए ति स॒ ह्व ल
page004_line004.png,ति त॒ स्मा दे त॒ दे व॒ कृ त्वा॒ थै त॒ त्कु र्यात्।२०॥ अ थे॒ डा
page004_line005.png,मा॒ द धा ति। उ॒ प हू ता या मि॒ डा या म प॒ ऽ उ प स्पृ॒ श्य
page004_line006.png,मा हे न्द्रं ग्र॒ हं गृ ह्णा ति मा हे न्द्रं ग्र॒ हं गृ ही त्वा॒ स्तो त्र॒ मु
page004_line007.png,पा॒ क रो ति त॒ ᳬ स्तो त्रा॒ य प्र॒ मी व ति स॒ ऽ उ पा॒ व रो
page004_line008.png,ह ति सो॒ न्ते स्तो त्र॒ स्य भ॒ व त्यं॒ ते श स्त्र॒ स्य।२१। ब्रा
page004_line009.png,ह्म णं॥१॥ पू र्णा हु तिं॒ जु हो ति। स॒ र्व्वं वै॒ पू र्ण ᳰ स॒
page004_line010.png,र्व्वं प रि गृ॒ ह्य सू या ऽ इ॒ ति त॒ स्यां व॒ रं द दा ति स॒ र्व्वं व्वै व्व॒ रः
page004_line011.png,स॒ र्व्वं प रि गृ॒ ह्य सू या ऽ इ॒ ति स य॒ दि का म॒ ये त जु हु या॒
page004_line012.png,दे तां य॒ द्यु का म॒ ये ता॒ पि ना॒ द्रि ये त॒।१। अ॒ थ श्वो॒ भू ते॒
page005_line001.png,यं स्त॒ दे॒ वै ष॒ ऽ ए ता॒ भि रु॒ ज्ज य ति स प्त॒ द श भ वं ति स
page005_line002.png,प्त द शो वै॒ प्र जा॒ प ति स्त॒ त्प्र जा॒ प ति मु॒ ज्ज य ति।१९।
page005_line003.png,अ॒ था हा ग्न॒ ये स्वि ष्ट कृ ते॒ नु ब्रू ही॒ ति। त द्य दं॒ त रे णा॒
page005_line004.png,हु ती ऽ ए त त्क॒ र्म क्रि य॒ त ऽ ए ष वै॒ प्र जा॒ प ति र्य॒ ऽ ए ष॒ य
page005_line005.png,ज्ञ॒ स्ता य॒ ते य॒ स्मा दि माः॒ प्र जाः प्र॒ जा ता ऽ ए त॒ म्वे वा॒ प्ये
page005_line006.png,त र्ह्य॒ नु प्र॒ जा यं ते त॒ न्म ध्य त॒ ऽ ए वै त॒ त्प्र जा॒ प ति मु॒
page005_line007.png,ज्ज य ति त॒ स्मा दं॒ त रे णा॒ हु ती ऽ ए त त्क॒ र्म क्रि य त आ
page005_line008.png,श्रा॒ व्या हा ग्नि॒ ᳬ स्वि ष्ट कृ॒ तं य जे॒ ति व्व॒ ष ट्कृ ते जु
page005_line009.png,हो ति।१८। अ थे॒ डा मा॒ द धा ति॒। उ॒ प हू ता या मि॒
page005_line010.png,डा या म प॒ ऽ उ प स्पृ॒ श्य मा हें द्रं ग्र॒ हं गृ ह्णा ति मा हे न्द्रं
page005_line011.png,ग्र॒ हं गृ ही त्वा॒ स्तो त्र॒ मु पा॒ क रो ति त॒ ᳬ स्तो त्रा॒ य प्र॒
page005_line012.png,मी व ति स॒ ऽ उ पा॒ व रो ह ति सों॒ ते स्तो त्र॒ स्य भ॒ व त्यं॒
page006_line001.png,बृ॒ ह स्प॒ ते ष्ट्वा सा॒ म्रा ज्ये ना भि॒ षिं चा म्य सा वि॒ ति ना॒
page006_line002.png,म गृ ह्णा ति त द्बृ॒ ह स्प॒ ते रे वै॒ न मे त त्सा॒ यु ज्य ᳰ
page006_line003.png,स लो क॒ तां ग म य ति।१४। अ॒ था ह। स म्रा॒ ड य॒ म
page006_line004.png,सौ॒ स म्रा॒ ड य॒ म सा वि॒ ति नि॒ वे दि त मे॒ वै न मे त
page006_line005.png,त्सं॒ तं दे वे॒ भ्यो नि॒ वे द य त्य यं॒ म हा॒ वी र्यो॒ यो भ्य॒
page006_line006.png,षे ची॒ त्य यं॒ यु ष्मा कै॒ को भू त्तं॒ गो पा य ते॒ त्ये॒ वै त॒
page006_line007.png,दा ह त्रि ष्कृ॒ त्व आ ह त्रि वृ द्धि॒ य ज्ञः।१५। अ थो॒ ज्जि तीः
page006_line008.png,जु हो॒ ति वा व्वा च॒ य ति वा य॒ दि जु हो॒ ति य॒ दि व्वा च॒
page006_line009.png,य ति स मा न॒ ऽ ए व बं॒ धुः।१६। स॒ व्वा च य ति। अ ग्नि
page006_line010.png,रे॒ का क्ष रे ण प्रा ण मु॒ द ज य त्त मु॒ ज्जे षं प्र जा॒ प तिः
page006_line011.png,स प्त॒ द शा क्ष रे ण स प्त द श ᳰ स्तो॒ म मु॒ द ज य त्त
page006_line012.png,मु॒ ज्जे ष मि॒ ति त द्य॒ दे॒ वै ता॒ भि रे ता॒ दे व॒ ता ऽ उ द॒ ज
page010_line001.png,स्वि ष्ट कृ द्भ॒ व त्य॒ था स्मा ऽ अ॒ न्न ᳰ स॒ म्भ र त्य॒ न्नं वा॒ ऽ
page010_line002.png,ए ष उ॒ ज्ज य ति यो॒ व्वा ज पे॒ ये न य॒ ज ते न्न पे॒ य ᳰ
page010_line003.png,ह वै ना॒ मै त द्य॒ द्वा ज पे॒ यं त द्य॒ दे॒ वै त द॒ न्न मु
page010_line004.png,द॒ जै षी त्त॒ दे॒ वा स्मा ऽ ए त त्सं॒ भ र ति॒।१। औ॒ दुं ब रे
page010_line005.png,पा त्रे॒। अ॒ न्नं वा ऽ ऊ॒ र्गु दुं ब॒ र ऽ ऊ र्जो॒ न्ना॒ द्य स्या॒ व
page010_line006.png,रु द्ध्यै त॒ स्मा दौ दुं ब रे पा॒ त्रे॒ सो प॒ ऽ ए व॒ प्र थ माः
page010_line007.png,सं॒ भ र त्य॒ थ प यो॒ थ य थो प स्मा र म॒ न्ना नि।२।
page010_line008.png,त द्धै॒ के। स प्त॒ द शा॒ न्ना नि सं॒ भ रं ति स प्त द शः॒ प्र जा॒
page010_line009.png,प ति रि॒ ति व्व॒ दं त स्त॒ दु त॒ था न॒ कु र्या त्प्र जा॒ प ते॒ र्न्वे॒
page010_line010.png,व स॒ र्व्व म॒ न्न म॒ न व रु द्धं क॒ ऽ उ त॒ स्मै म नु ष्यो॒ यः
page010_line011.png,स॒ र्व्व म॒ न्न म व रुं धी त त॒ स्मा दु स॒ र्व मे वा॒ न्नं य थो
page010_line012.png,प स्मा॒ र ᳰ स म्भ॒ र न्ने॒ क म॒ न्नं न सं॒ भ रेत्।३। स य
page011_line001.png,प्र त्य क्ष त मां य॒ द जा स्त॒ स्मा दे ता स्त्रिः॒ सं व्व त्स र॒
page011_line002.png,स्य व्वि जा॒ य मा ना द्वौ त्री नि॒ ति ज न यं ति त॒ त्प्र
page011_line003.png,जा॒ प ति मे॒ वै त॒ त्क रो ति त॒ स्मा द ज र्ष भ॒ स्या जि॒
page011_line004.png,न मा॒ स्तृ णा ति।२४। स ऽ आ॒ स्तृ णा ति। इ यं॒ ते रा
page011_line005.png,डि॒ ति रा ज्य॒ मे॒ वा स्मि न्ने त॒ द्द धा त्य॒ थै न मा॒ सा
page011_line006.png,द य ति य न्ता॒ सि य॒ म न ऽ इ॒ ति य न्ता॒ र मे॒ वै न
page011_line007.png,मे त द्य॒ म न मा सा म्प्र जा॒ नां क रो ति ध्रु वो॒ सि ध
page011_line008.png,रु॒ ण ऽ इ॒ ति ध्रु व॒ मे॒ वै न मे त॒ द्ध रु॒ ण म स्मिं॒ लो
page011_line009.png,के॒ क रो ति कृ ष्यै॒ त्वा क्षे॒ मा य त्वा र य्यै॒ त्वा पो॒ षा
page011_line010.png,य त्वे॒ ति सा ध॒ वे त्वे॒ त्ये॒ वै त॒ दा ह।२५। ब्रा ह्म णं।६।
page011_line011.png,प्रथमः प्रपाठकः समाप्तः। कंडिका।११७। बा
page011_line012.png,र्ह स्प त्ये॒ न च रु॒ णा प्र॒ च र ति। त स्या॒ नि ष्ट ऽ ए व॒
page012_line001.png,ति। अ मृ॒ त मा॒ यु र्हि॒ र ण्यं त॒ द मृ॒ त ऽ आ॒ यु षि प्र॒
page012_line002.png,ति ति ष्ठ ति॒।२०। अ॒ था ज र्ष भ॒ स्या जि॒ न मु॒ प स्तृ
page012_line003.png,णा ति। त॒ दु प॒ रि ष्टा द्रु क्मं नि॒ द धा ति त॒ म भ्य॒ व
page012_line004.png,रो ह ती मां॒ वै व॒।२१। अ॒ था स्मा ऽ आ स न्दी मा॒
page012_line005.png,ह र न्ति। उ प रि स॒ द्यं वा॒ ऽ ए ष॒ ज य ति यो ज॒ य त्य
page012_line006.png,न्त रि क्ष स॒ द्यं त॒ दे न मु प र्या॒ सी न म ध॒ स्ता दि माः॒
page012_line007.png,प्र जा ऽ उ॒ पा स ते त॒ स्मा द स्मा ऽ आ स न्दी मा॒ ह रं
page012_line008.png,ति।२२। ओ॒ दुं ब री भ व ति॒। अ न्नं वा ऽऊ॒ र्गु दु म्ब॒ र ऽ
page012_line009.png,ऊ र्जो॒ न्ना॒ द्य स्या॒ व रु द्ध्यै त॒ स्मा दौ॒ दुं ब री भ व ति
page012_line010.png,ता म॒ ग्रे ण ह वि र्द्धा॒ ने ज घ॒ ने ना ह व नी॒ यं नि॒ द
page012_line011.png,धा ति॒।२३। अ॒ था ज र्ष भ॒ स्या जि॒ न मा॒ स्तृ णा ति
page012_line012.png,प्र जा॒ प ति र्व्वा॒ ऽ ए ष य॒ द ज र्ष भ॒ ऽ ए ता वै॒ प्र जा॒ प तेः
page013_line001.png,ना॒ त्पृ थि वी॒ बि भ यां॒ च का र म ह द्वा॒ ऽ अ य॒ म
page013_line002.png,भू॒ द्यो भ्य॒ षे चि य द्वै॒ मा यं ना व दृ णी या दि॒ ति
page013_line003.png,बृ॒ ह स्प॒ ति र्ह पृ थि व्यै बि भ यां॒ च का र य द्वै॒
page013_line004.png,मे यं ना॒ व धू न्वी ते॒ ति त॒ द न॒ यै॒ वै त॒ न्मि त्र
page013_line005.png,धे॒ य म कु रु त न हि॒ मा ता॒ पु त्र॒ ᳰ हि न॒ स्ति न॒
page013_line006.png,पु त्रो॒ मा त॒ र म्।१८। बृ ह स्प ति स वो वा॒ ऽ ए ष
page013_line007.png,य॒ द्वा ज पे॒ यं। पृ थि॒ व्यु॒ है त॒ स्मा द्बि भे ति म
page013_line008.png,ह द्वा॒ ऽ अ य॒ म भू॒ द्यो भ्य॒ षे चि य द्वै॒ मा यं ना
page013_line009.png,व दृ णी या दि॒ त्ये ष॒ ऽ उ हा स्यै॒ बि भे ति य द्वै॒
page013_line010.png,मे यं॒ ना व धू न्वी ते॒ ति त॒ द न॒ यै॒ वै त॒ न्मि त्र
page013_line011.png,धे॒ यं कु रु ते न हि॒ मा ता॒ पु त्र॒ ᳰ हि न॒ स्ति न॒
page013_line012.png,पु त्रो॒ मा त॒ रं।१९। अ॒ थ हि॒ र ण्य म भ्य॒ व रो ह
page014_line001.png,व्वा ज पे॒ ये न य॒ ज ते न्न पे॒ य ᳰ ह वै ना॒ मै त द्य॒ द्वा ज
page014_line002.png,पे॒ यं त द्य॒ दे॒ वै त द॒ न्न मु द॒ जै षी त्ते॒ नै॒ वै त॒ दे तां
page014_line003.png,ग॒ तिं ग त्वा स॒ ᳬ स्पृ श ते त॒ दा त्म॒ न्कु रु ते त॒ स्मा दे
page014_line004.png,न मू ष पु टै॒ र नू॒ द स्यं ति।१६। आ॒ श्व त्थे षु प ला शे
page014_line005.png,षू॒ प न द्धा भ वं ति। स य॒ दे॒ वा॒ दो श्व त्थे ति॒ ष्ठ त ऽ इ॒
page014_line006.png,न्द्रो म रु॒ त ऽ उ पा॒ म न्त्र य त त॒ स्मा दा॒ श्व त्थे षु प ला शे
page014_line007.png,षू॒ प न द्धा भ वं ति व्वि॒ शो नू॒ द स्यं ति व्वि॒ शो वै॒ म रु
page014_line008.png,तो॒ न्नं वै॒ व्वि॒ श स्त॒ स्मा द्वि॒ शो नू॒ द स्यं ति स प्त॒ द
page014_line009.png,श भ वं ति स प्त द शो वै॒ प्र जा॒ प ति स्त॒ त्प्र जा॒
page014_line010.png,प ति मु॒ ज्ज य ति॒।१७। अ॒ थे मा॒ मु पा वे॒ क्ष मा
page014_line011.png,णो ज प ति। न॒ मो मा त्रे॒ पृ थि व्यै न॒ मो मा॒ त्रे पृ
page014_line012.png,थि व्या ऽ इ॒ ति बृ॒ ह स्प॒ ते र्ह वा॒ ऽ अ भि षि षि चा
page017_line001.png,द शो वै॒ प्र जा॒ प ति स्त॒ त्प्र जा॒ प ति मु॒ ज्ज य ति॒।७। अ॒ थ
page017_line002.png,ने॒ ष्टा प॒ त्नी मु दा ने ष्य॒न् कौ शं वा॒ सः प॒ रि धा प य ति
page017_line003.png,कौ शं॒ वा चं॒ डा त क म॒ न्त रं दी क्षि त व॒ स ना ज्ज घ ना
page017_line004.png,र्द्धो वा॒ ऽ ए ष॒ य ज्ञ॒ स्य य त्प॒ त्नी ता॒ मे त त्प्रा॒ चीं य ज्ञं॒ प्र सा
page017_line005.png,द यि ष्य॒ न्भ व त्य॒ स्ति वै प॒ त्न्या ऽ अ मे ध्यं य॒ द वा ची॒ नं
page017_line006.png,ना॒ भे र्मे॒ ध्या वै॒ द र्भा स्त द्य॒ दे॒ वा स्या ऽ अ मे ध्यं त॒ दे॒ वा
page017_line007.png,स्या ऽ ए त॒ द्द र्भै र्मे॒ ध्यं कृ त्वा॒ थै नां प्रा॒ चीं य ज्ञं प्र॒ सा द
page017_line008.png,य ति त॒ स्मा न्ने॒ ष्टा प॒ त्नी मु दा ने ष्यं॒ न्कौ शं वा॒ सः प॒ रि धा
page017_line009.png,प य ति कौ शं॒ वा च॒ ण्डा त क म॒ न्त रं दी क्षि त व॒ स ना त्।
page017_line010.png,८। अ॒ थ नि श्र य णीं नि॒ श्र य ति। स॒ द क्षि ण त ऽ उ॒ द
page017_line011.png,ङ्रो हे दु त्त र तो॒ वा द क्षि णा॒ द क्षि ण त॒ स्त्वे वो॒
page017_line012.png,द ङ्रो हे त्त॒ था ह्यु॒ द ग्भ॒ व ति।९। स॒ रो क्ष्य॒ न्जा या मा॒ मं
page019_line001.png,ᳰ शि ना॒ य स्वा॒ हा वि न ᳰ शि॒ न आ न्त्या य ना॒ य स्वा
page019_line002.png,हां॒ त्या य भौ व ना॒ य स्वा॒ हा भु॒ व न स्य प॒ त ये स्वा
page019_line003.png,हा॒ धि प त ये स्वा हे॒ त्ये ता द्वा॒ द शा प्ती र्जु हो ति द्वा॒
page019_line004.png,द श वै मा॒ साः सं व त्स र॒ स्य सं व्व त्स रः॒ प्र जा॒ प तिः
page019_line005.png,प्र जा॒ प ति र्य ज्ञ स्त द्यै॒ वा स्या प्ति र्या॒ सं प त्ता॒ मे॒ वै त
page019_line006.png,दु॒ ज्ज य ति ता॒ मा त्म॒ न्कु रु ते।२। अ॒ थ ष ट्कॢ प्तीः॥
page019_line007.png,जु हो॒ ति वा व्वा च॒ य ति वा य॒ दि जु हो॒ ति य॒ दि व्वा
page019_line008.png,च॒ य ति स मा न॒ ए व बं॒ धुः।३। स॒ व्वा च य ति आ॒
page019_line009.png,यु र्य ज्ञे॒ न क ल्प तां प्रा णो॑ य ज्ञे॒ न क ल्प तां च॒ क्षु
page019_line010.png,र्य ज्ञे॒ न क ल्प ता ᳬ श्रो॑ त्रं य ज्ञे॒ न क ल्प तां पृ ष्ठं॒ य
page019_line011.png,ज्ञे॒ न क ल्प तां य ज्ञो॒ य ज्ञे॒ न क ल्प ता मि॒ त्ये ताः
page019_line012.png,ष ट्कॢ प्ती र्व्वा च य ति ष ड्वा॒ ऽ ऋ त॒ वः सं व त्स र॒ स्य सं
page020_line001.png,स त्य॒ मे॒ वै त छ्रि॒ यं ज्यो॒ ति र्य॒ ज मा ने द धा त्य॒ नृ ते न
page020_line002.png,पा प्म॒ ना त॒ म सा वै॒ श्यं व्वि ध्य ति तैः स यं भो॒ गं का
page020_line003.png,म॒ य ते तं॒ कु रु ते॒ थै त ᳰ स॒ हि र ण्य पा त्र मे व॒ म धु ग्र
page020_line004.png,हं॒ ब्र ह्म॒ णे द दा ति तं॒ ब्र ह्म॒ णे द॒ द द मृ॒ त मा॒ यु रा त्म॒
page020_line005.png,न्ध त्ते मृ॒ तᳬ ह्या॒ यु र्हि॒ र ण्यं ते॒ न स यं भो॒ गं का म॒ य ते
page020_line006.png,तं॒ कु रु ते।२८॥ ब्रा ह्म णं ॥५॥ प्र थ मो ध्या यः॥ अ॒ थ
page020_line007.png,स्रु वं॒ चा ज्य वि ला॒ प नीं चा दा॒ य॥ आ ह व नी॒ य
page020_line008.png,म भ्यै॒ ति स॒ ऽ ए ता द्वा॒ द शा॒ प्ती र्जु हो॒ ति वा व्वा च॒ य
page020_line009.png,ति वा य॒ दि जु हो॒ ति य॒ दि व्वा च॒ य ति स मा न॒ ऽ ए
page020_line010.png,व ब॒ न्धुः।१। स॒ जु हो ति। आ प॒ ये स्वा॒ हा स्वा प॒ ये स्वा॒
page020_line011.png,हा पि जा॒ य स्वा॒ हा क्र॒ त वे स्वा॒ हा व्व॒ स वे स्वा॒ हा
page020_line012.png,ह र्प्प त ये स्वा हा॒ ह्ने मु ग्धा॒ य स्वा॒ हा मु ग्धा॒ य वै न
page021_line001.png,व जि घ्र ते॒ ति नि मृ जा ना ऽ इ॒ ति त द्य॒ ज मा ने व्वी र्यं॒ द धा
page021_line002.png,ति त द्य द॒ श्वा न व घ्रा प॒ य ती म मु॒ ज्ज या नी॒ ति वा ऽ
page021_line003.png,अ ग्रे॒ व घ्रा प य त्य था॒ त्रे म मु॒ द जै ष मि॒ ति त॒ स्मा द्वा ऽ
page021_line004.png,अ॒ श्वा न॒ व घ्रा प य ति। २७। अ॒ थै ते॒ षा मा जि सृ ता ᳰ
page021_line005.png,र॒ था ना म्। ए॒ क स्मि न्वै॒ श्यो वा रा ज॒ न्यो वो पा॒ स्थि तो
page021_line006.png,भ व ति स व्वे॒ दे रु॒ त्त रा याᳬ श्रो॒ णा ऽ उ॒ प वि श त्य॒ था
page021_line007.png,ध्व र्यु॒ श्च य॒ ज मा न श्च पू॒ र्व्व या द्वा रा॒ म धु ग्र ह॒ मा दा॒ य
page021_line008.png,नि॒ ष्क्रा म त स्तं वै॒ श्य स्य वा रा ज॒ न्य स्य वा पा णा वा॒ ध
page021_line009.png,त्तो॒ थ ने ष्टा॒ प र या द्वा रा॒ सु रा ग्र हा॒ ना दा॒ य नि॒ ष्क्रा म ति
page021_line010.png,स॒ ज घ॒ ने न शा॒ लां प र्ये त्यै॒ कं व्वै॒ श्य स्य वा रा ज॒ न्य
page021_line011.png,स्य वा पा णा॒ वा द॒ ध दा हा ने॒ न त ऽ इ मं नि॒ ष्क्री णा मी॒
page021_line012.png,ति स त्यं वै श्री र्ज्यो॒ तिः सो मो॒ नृ तं पा प्मा त॒ मः सु॒ रा
page022_line001.png,ज ऽ आ मां॒ न स्य प्र स वो॒ ज ग म्या दि॒ त्ये॒ वै त॒ दा॒ हे मे द्या॒
page022_line002.png,वा पृ थि वी॒ व्वि श्व॒ रू पे ऽ इ॒ ति द्या॒ वा पृ थि वी हि॒ प्र
page022_line003.png,जा॒ प ति रा॒ मा गं तां पि त॒ रा मा त॒ रा चे॒ ति मा ते॒ व च हि॒
page022_line004.png,पि॒ ते व च प्र जा॒ प ति रा॒ मा सो॒ मो अ मृ त त्वे॒ न ग म्या
page022_line005.png,दि॒ ति सो॒ मो हि॒ प्र जा॒ प तिः ।२६। त म॒ श्वा न॒ व घ्रा प य
page022_line006.png,ति व्वा॒ जि न ऽ इ॒ ति व्वा जि॒ नो ह्य॒ श्वा स्त॒ स्मा दा ह व्वा॒ जि न
page022_line007.png,इ॒ ति व्वा ज जि त ऽ इ त्यं॒ नं व्वै व्वा॒ जों न जि त ऽ इ॒ त्ये वै त॒ दा
page022_line008.png,ह व्वा॒ ज ᳰ स सृ वा॒ ᳰ स ऽ इ॒ ति स रि ष्यं॒ त ऽ इ॒ ति वा ऽ अ॒ ग्र
page022_line009.png,आ ह स रि ष्यं॒ त ऽ इ व हि त॒ र्हि भ॒ वं त्य था॒ त्र स सृ वा॒ ᳰ
page022_line010.png,स ऽ इ॒ ति स सृ वा॒ ᳰ स ऽ इ व ह्य॒ त्र भ॒ वं ति त॒ स्मा दा ह स
page022_line011.png,सृ वा॒ ᳰ स ऽ इ॒ ति बृ॒ ह स्प॒ ते र्भा ग म॒ व जि घ्र ते॒ ति बृ ह
page022_line012.png,स्प॒ ते॒ र्ह्ये ष॒ भा गो भ॒ व ति त॒ स्मा दा ह बृ॒ ह स्प॒ ते र्भा ग म॒
page023_line001.png,र॒ क्षा ᳰ सि स॒ ने म्य स्म॒ द्यु य वं न॒ मी वाः।२२। ते॒ नो ऽ
page023_line002.png,अ॒ र्व्वं तः। ह व न श्रु॒ तो ह॒ वं व्वि॒ श्वे शृ ण्वं तु व्वा जि॒ नो
page023_line003.png,मि त॒ द्र वः। स ह स्र सा॒ मे ध॒ सा ता स नि ष्य॒ वो म
page023_line004.png,हो ये ध॒ न ᳰ स मि थे॒ षु ज भ्रि रे।२३। व्वा॒ जे वा जे व
page023_line005.png,त व्वा जि नो नो ध॒ ने षु व्वि प्रा ऽ अ मृ ता ऽ ऋ त ज्ञाः॥ अ
page023_line006.png,स्य म॒ ध्वः पि ब त मा द॒ य ध्वं तृ प्ता॒ या त प थि॒ भि र्दे व या॒
page023_line007.png,नै रि॒ ति।२४। अ॒ थ बा र्ह स्प त्ये॒ न च रु॒ णा प्र त्यु॒ प ति
page023_line008.png,ष्ठ ते त मु॒ प स्पृ श त्यं॒ नं वा॒ ऽ ए ष उ॒ ज्ज य ति यो॒ व्वा
page023_line009.png,ज पे॒ ये न य॒ ज तें न पे॒ य ᳰ ह वै ना॒ मै त द्य॒ द्वा ज पे॒
page023_line010.png,यं त द्य॒ दे॒ वै त दं॒ न मु द॒ जै षी त्ते॒ नै॒ वै त॒ दे तां ग॒ तिं
page023_line011.png,ग त्वा स॒ ᳩ स्पृ श ते त॒ दा त्म॒ न्कु रु ते।२५। स ऽ उ॒ प स्पृ
page023_line012.png,श ति आ॒ मा व्वा ज स्य प्र स वो॒ ज ग म्या दि त्यं नं वै व्वा॒
page024_line001.png,द त्प॒ था म॒ ङ्का ᳩ स्य॒ न्वा प॒ नी फ ण त्स्वा॒ हा
page024_line002.png,।१९। उ त॒ स्म। अ स्य द्र॒ व त स्तु र ण्य तः॒ प र्णं न
page024_line003.png,वे र॒ नु वा ति प्र ग र्द्धि॒ नः॥ श्ये न॒ स्ये व ध्र॒ ज तो ऽ
page024_line004.png,अं क सं प॒ रि द धि क्रा॒ व्णः स॒ हो र्जा त॒ रि त्र तः
page024_line005.png,स्वा हे॒ ति।२०। अ थो॒ त्त रे ण त्रि चे॒ न। जु हो॒ ति वा॒
page024_line006.png,नु वा म न्त्र॑ य ते द्व यं त द्य॒ स्मा ज्जु हो॒ ति वा॒ नु वा मं
page024_line007.png,त्र॒ य ते य॒ दि जु हो॒ ति य द्य नु मं त्र॒ य ते स मा न॒ ऽ ए व
page024_line008.png,बं॒ धु रे ता॒ ने॒ वै त द॒ श्वां धा॒ व त उ॒ प वा ज य त्ये
page024_line009.png,ते॒ षु व्वी र्यं द धा ति ति स्रो वा॒ ऽ इ माः॒ पृ थि॒ व्य॒ ऽ इ
page024_line010.png,य म है का द्वे॒ ऽ अ स्याः प॒ रे ता॒ ए॒ वै त दु॒ ज्ज य ति।
page024_line011.png,२१। सो॒ नु मं त्र य ते । शं॒ नो भ वं तु व्वा जि॒ नो ह॒ वे षु दे
page024_line012.png,व॒ ता ता मि त॒ द्र वः स्व र्क्काः॥ जं भ॒ यं तो॒ ऽ हिं वृ॒ क ᳰ
page025_line001.png,इ त्य॒ न्नं वै व्वा॒ जो ऽ न्न जि त इ॒ त्ये॒ वै त॒ दा हा॒ ध्व न
page025_line002.png,स्क भ्नु व॒ न्त ऽ इ त्य॒ ध्व नो हि॒ स्क भ्नु व॒ न्तो धा॒ वं
page025_line003.png,ति यो॒ ज ना मि॒ मा ना ऽ इ॒ ति यो ज न शो हि
page025_line004.png,मि॒ मा ना ऽ अ॒ ध्वा नं धा॒ वं ति का॒ ष्ठां ग छ ते॒
page025_line005.png,ति य॒ थै ना न न्त रा॒ ना ष्ट्रा र॒ क्षा ᳰ सि न॒ हि ᳬ
page025_line006.png,स्यु॒ रे व॒ मे त॒ दा ह धा॒ व न्त्या जि मा॒ घ्न न्ति दु न्दु
page025_line007.png,भी॒ न भि सा॒ म गा य ति।१७। अ थै ता॒ भ्यां
page025_line008.png,ज॒ ग ती भ्यां जु हो॒ ति वा॒ नु वा म न्त्र॒ य ते य॒
page025_line009.png,दि जु हो॒ ति य॒ द्य नु म न्त्र॒ य ते स मा न॒ ऽ ए व
page025_line010.png,ब॒ न्धुः।१८। स॒ जु हो ति ए ष स्य॒ व्वा जी॒ क्षि प
page025_line011.png,णिं॒ तु र ण्य ति ग्री वा॒ या म्ब द्धो॒ ऽ अ पि क क्ष॒ ऽ
page025_line012.png,आ स॒ नि॥ क्र॒ तुं द धि क्रा ऽ अ॒ नु सᳰ स॒ नि ष्य
page026_line001.png,ता॒ र म्प्र स वा॒ यो पा॒ धा व त्स वि ता वै॒ दे वा॒ नां
page026_line002.png,प्र स वि॒ ते द॒ म्मे प्र॒ सु व त्व॒ त्प्र सू त ऽ इ द मु॒ ज्ज
page026_line003.png,या नी॒ ति त॒ द स्मै स वि ता॒ प्र स वि ता प्रा॒
page026_line004.png,सु व त्त॒ त्स वि तृ॒ प्र सू त ऽ उ द॒ ज य दे व॒ मे॒ वै
page026_line005.png,ष॒ ऽ ए त॒ त्स वि ता॒ र मे व॒ प्र स वा यो॒ प धा व
page026_line006.png,ति स वि ता वै॒ दे वा॒ ना म्प्र स वि ते॒ द॒ म्मे प्र॒ सु
page026_line007.png,व त्व॒ त्प्र सू त ऽ इ द मु ज्ज या नी॒ ति त॒ द स्मै स
page026_line008.png,वि ता॒ प्र स वि ता प्र॒ सौ ति त॒ त्स वि तृ॒ प्र सू त ऽ
page026_line009.png,उ॒ ज्ज य ति॒।१६। अ॒ थ य॒ द्य ध्व र्योः॒। अ न्ते वा
page026_line010.png,सी॒ वा ब्र ह्म चा री॒ वै त द्य॒ जु र धी या॒ त्सो न्वा
page026_line011.png,स्था॒ य व्वा च य ति व्वा॒ जि न ऽ इ॒ ति व्वा जि॒ नो
page026_line012.png,ह्य॒ श्वा स्त॒ स्मा दा ह व्वा॒ जि न ऽ इ॒ ति व्वा ज जि त ऽ
page027_line001.png,कः प्र व्या ध स्ता॒ वां स्ति र्य॒ ङ्प्र जा॒ प ति र॒ थ या॒
page027_line002.png,व त्स प्त॒ द श प्र व्या धा स्ता॒ वा न न्व॒ ङ्प्र जा॒ प
page027_line003.png,तिः।१३। त द्य॒ द्रा ज न्यः॒ प्र वि॒ ध्य ति। ए ष वै॒ प्र
page027_line004.png,जा॒ प तेः प्र त्य क्ष त मां य॒ द्रा ज न्य स्त॒ स्मा दे॒ कः
page027_line005.png,स॒ न्ब हू ना॒ मी ष्टे य॒ द्वे व च॒ तु र क्ष रः प्र जा॒ प
page027_line006.png,ति श्च॒ तु र क्ष रो रा ज॒ न्य स्त॒ स्मा द्रा ज॒ न्यः प्र॒
page027_line007.png,वि ध्य ति स प्त॒ द श प्र व्या धा न्प्र॒ वि ध्य ति स
page027_line008.png,प्त द शो वै॒ प्र जा॒ प ति स्त॒ त्प्र जा॒ प ति मु॒ ज्ज य
page027_line009.png,ति।१४। अ॒ थ यं य॒ जु षा यु न॒ क्ति तं य॒ ज मा
page027_line010.png,न ऽ आ॒ ति ष्ठ ति दे व॒ स्या ह॒ ᳰ स वि तुः॒ स वे॒ स
page027_line011.png,त्य॒ प्र स व सो बृ॒ ह स्प॒ ते र्व्वा ज जि॒ तो व्वा॒ जं जे
page027_line012.png,ष मि॒ ति।१५। त द्य॒ थै॒ वा दो बृ॒ ह स्प॒ तिः। स वि
page028_line001.png,भी ना मे॒ कं य॒ जु षो पा॒ व ह र ति त त्स॒ र्व्वे य॒ जु
page028_line002.png,षो पा॒ व ह ता भ वं ति।१०। स॒ ऽ उ पा॒ व ह र ति
page028_line003.png,ए षा॒ वः सा॒ स त्या॒ सं व्वा॒ ग भू द्य॒ या बृ॒ ह स्प॒
page028_line004.png,तिं व्वा॒ ज म॒ जी ज प ता॒ जी ज प त बृ॒ ह स्प॒ तिं
page028_line005.png,व्वा॒ जं व्व॒ न स्प त यो व्वि॒ मु च्य ध्व मि॒ ति य॒ दि
page028_line006.png,ब्रा ह्म णो य॒ ज ते ब्र॒ ह्म हि बृ॒ ह स्प॒ ति र्ब्र॒ ह्म हि॒
page028_line007.png,ब्रा ह्म णः॒।११। अ॒ थ य॒ दि रा ज॒ न्यो य॒ ज ते। ए
page028_line008.png,षा॒ वः सा॒ स त्या॒ सं व्वा॒ ग भू द्य ये॒ न्द्रं व्वा॒ ज म॒
page028_line009.png,जी ज प ता॒ जी ज प ते॒ न्द्रं व्वा॒ जं व्व॒ न स्प त यो
page028_line010.png,व्वि॒ मु च्य ध्व मि॒ ति क्ष त्र ᳰ ही॒ न्द्रः क्ष त्र॒ ᳰ रा ज
page028_line011.png,न्यः॒।१२। अ॒ थ व्वे द्य न्ता॑त्। रा ज न्य॒ ऽ उ॒ दं ङ्क्स
page028_line012.png,प्त॒ द श प्र व्या धा न्प्र॒ वि ध्य ति या॒ वा न्वा ऽ ए॒
page029_line001.png,ग्या॒ स प्त द शा नां॒ दु न्दु भी नां॒ प र मा॒ मे॒ वै त द्वा॒ चं प
page029_line002.png,र म॒ म्प्र जा॒ प ति मु॒ ज्ज य ति स प्त॒ द श भ वं ति स
page029_line003.png,प्त द शो वै॒ प्र जा॒ प ति स्त॒ त्प्र जा॒ प ति मु॒ ज्ज
page029_line004.png,य ति।६। अ॒ थै ते॒ षां दु न्दु भी नां ए॒ कं य॒ जु षा॒
page029_line005.png,हं ति त त्स॒र्वे य॒ जु षा॒ ह ता भ वं ति।७। स ऽ आ॒
page029_line006.png,हं ति। बृ॒ ह स्प ते व्वा॒ जं ज य बृ॒ ह स्प॒ त ये व्वा॒ चं
page029_line007.png,व्व द त बृ॒ ह स्प॒ तिं व्वा॒ जं जा प य ते॒ ति य॒ दि ब्रा
page029_line008.png,ह्म णो य॒ ज ते ब्र॒ ह्म हि बृ॒ ह स्प॒ ति र्ब्र॒ ह्म हि॒ ब्रा
page029_line009.png,ह्म णः॒।८। अ॒ थ य॒ दि रा ज॒ न्यो य॒ ज ते। इ॒ न्द्र व्वा॒
page029_line010.png,जं ज ये॒ न्द्रा य व्वा॒ चं व्व द ते॒ न्द्रं व्वा॒ जं जा प य ते॒
page029_line011.png,ति क्ष त्र ᳰ ही॒ न्द्रः क्ष त्र॒ ᳰ रा ज न्यः॒।९। अ॒ थै ते॒
page029_line012.png,ष्वा जि सृ॒ त्सु र॒ थे षु पु॒ न रा॒ सृ ते ष्वे ते॒ षां दु न्दु
page030_line001.png,स व स इ॒ न्द्र स्यो त्त मं ना॒ क ᳰ रु हे य मि॒ ति क्ष
page030_line002.png,त्र ᳰ ही॒ न्द्रं क्ष त्र॒  ᳰ रा ज॒ न्यः।३। त्रिः सा॒ मा भि॒ गा य ति
page030_line003.png,त्रि॒ र भि गी या॒ व रो ह ति दे व॒ स्या ह॒ ᳰ स वि तुः॒ स
page030_line004.png,वे॒ स त्य॒ प्र स व सो बृ॒ ह स्प॒ ते रु त्त मं ना॒ क म रु
page030_line005.png,ह मि॒ ति य॒ दि ब्रा ह्म णो य॒ ज ते ब्र॒ ह्म हि बृ॒ ह स्प॒
page030_line006.png,ति र्ब्र॒ ह्म हि॒ ब्रा ह्म णः॒।४। अ॒ थ य॒ दि रा ज॒ न्यो
page030_line007.png,य॒ ज ते दे व॒ स्या ह॒ ᳰ स वि तुः॒ स वे॒ स त्य॒ प्र स
page030_line008.png,व स ऽ इ॒ न्द्र स्यो त्त मं ना॒ क म रु ह मि॒ ति क्ष त्र ᳰ
page030_line009.png,ही॒ न्द्रः क्ष त्र॒ ᳰ रा ज न्यः॒।५। अ॒ थ स प्त॒ द श दु न्दु
page030_line010.png,भी॒ न नु वे द्य न्त ᳰ स॒ म्मि न्वं ति। प्र ती॒ च ऽ आ॒ ग्नी ध्रा
page030_line011.png,त्प्र जा॒ प तिं वा॒ ऽ ए ष ऽ उ॒ ज्ज य ति यो॒ व्वा ज पे॒ ये
page030_line012.png,न य॒ ज ते व्वा ग्वै॒ प्र जा॒ प ति रे षा वै॒ प र मा व्वा
page031_line001.png,ति त द्य द॒ श्वा न व घ्रा प॒ य ती म मु॒ ज्ज या नी॒ ति
page031_line002.png,त॒ स्मा द्वा ऽ अ॒ श्वा न॒ व घ्रा प य ति।१५। ब्रा ह्म णं॥
page031_line003.png,४। त द्य॒ दा जिं धा॒ वं ति इ म॒ मे॒ वै ते॒ न लो क मु॒
page031_line004.png,ज्ज य त्य॒ थ य॒ द्ब्र ह्मा॒ र थ च क्रे सा॒ म गा॒ य ति ना
page031_line005.png,भि द घ्न उ॒ द्धि ते न्त रि क्ष लो क॒ मे॒ वै ते नो॒ ज्ज य
page031_line006.png,त्य॒ थ य द्यू॒ प ᳰ रो॒ ह ति दे व लो क॒ मे॒ वै ते नो॒ ज्ज
page031_line007.png,य ति त॒ स्मा द्वा॒ ऽ ए त॒ त्त्र यं॒ क्रि य ते।१। स॒ ब्र ह्मा॒ र थ
page031_line008.png,च क्र म॒ धि रो ह ति ना भि द घ्न ऽ उ॒ द्धि तं दे व॒ स्या
page031_line009.png,ह ᳰ स वि तुः॒ स वे॒ स त्य॒ स व सो बृ॒ ह स्प॒ ते रु त्त मं
page031_line010.png,ना॒ क ᳰ रु हे य मि॒ ति य॒ दि ब्रा ह्म णो य॒ ज ते ब्र॒ ह्म
page031_line011.png,हि बृ॒ ह स्प॒ ति र्ब्र॒ ह्म हि॒ ब्रा ह्म णः॒।२। अ॒ थ य॒ दि रा
page031_line012.png,ज॒ न्यो य॒ ज ते। दे व॒ स्या ह॒ ᳰ स वि तुः॒ स वे॒ स त्य॒
page032_line001.png,त॒ त्क रो ति।१२। अ॒ थ य॒ द्बा र्ह स्प त्यो भ॒ व ति। बृ॒ ह स्प॒
page032_line002.png,ति र्ह्ये॒ त म॒ ग्र ऽ उ द॒ ज य त्त॒ स्मा द्बा र्ह स्प त्यो॒ भ व ति॥
page032_line003.png,१३॥ अ॒ थ य॒ न्नै वा रो भ॒ व ति। ब्र॒ ह्म वै बृ॒ ह स्प॒ ति
page032_line004.png,रे ते वै ब्र॒ ह्म णा प च्य न्ते य॒ न्नी वा॒ रा स्त॒ स्मा न्नै वा
page032_line005.png,रो॒ भ व ति स प्त॒ द श श रा वो भ व ति स प्त द शो वै॒
page032_line006.png,प्र जा॒ प ति स्त॒ त्प्र जा॒ प ति मु॒ ज्ज य ति।१४। त म॒ श्वा
page032_line007.png,न॒ व घ्रा प य ति। व्वा॒ जि न ऽ इ॒ ति व्वा जि॒ नो ह्य॒ श्वा स्त॒
page032_line008.png,स्मा दा ह व्वा॒ जि न ऽ इ॒ ति व्वा ज जि त ऽ इ त्ये॒ न्नं वै व्वा॒
page032_line009.png,जो न्न जि त ऽ इ॒ त्ये॒ वै त॒ दा ह व्वा॒ ज ᳰ स रि ष्य॒ न्त
page032_line010.png,ऽ इ॒ त्यो जि ᳰ हि॒ स रि ष्य॒ न्तो भ॒ वं ति बृ॒ ह
page032_line011.png,स्प॒ ते र्भा ग म॒ व जि घ्र ते॒ ति बृ॒ ह स्प॒ ते॒ र्ह्ये ष॒ भा गो
page032_line012.png,भ॒ व ति त॒ स्मा दा ह बृ॒ ह स्प॒ ते र्भा ग म॒ व जि घ्र ते॒
page033_line001.png,त दा ह ।१०। अ र्द्धः प्र पा ठ क॥५९॥ ते वा॒ ऽ ए त॒ ऽ ए
page033_line002.png,व त्र॒ यो यु क्ता॒ भ वं ति त्रि वृ द्धि॒ दे वा॒ नां त द्धि॒ दे व
page033_line003.png,त्रा॒ धि प्र ष्टि यु ग ऽ ए व॒ च तु र्थो॒  न्वे ति मा नु षो हि
page033_line004.png,स तं य॒ त्र दा स्य न्भ॒ व ति त॒ च्च तु र्थ॒ मु प यु॒ ज्य द दा
page033_line005.png,ति त॒ स्मा द पी॒ त र स्मिं न्य ज्ञ॒ ऽ ए त॒ ऽ ए व त्र॒ यो यु
page033_line006.png,क्ता॒ भ वं ति त्रि वृ द्धि॒ दे वा॒ नां त द्धि॒ दे व त्रा॒ धि
page033_line007.png,प्र ष्टि यु ग ऽ ए व॒ च तु र्थो॒  न्वे ति मा नु षो हि स तं
page033_line008.png,य॒ त्र दा स्य न्भ॒ व ति त॒ च्च तु र्थ॒ मु प यु॒ ज्य द दा
page033_line009.png,ति॥११॥ अ॒ थ बा र्ह स्प त्यं॒ च रुं॒ नै वा र॒ᳰ स प्त॒ द
page033_line010.png,श श रा वं नि॒ र्व्व प ति। अ॒ न्नं वा॒ ऽ ए षः ऽ उ॒ ज्ज य ति यो॒
page033_line011.png,व्वा ज पे॒ ये न य॒ ज ते  न्न पे॒ यᳰ ह वै ना॒ मै त द्य॒ द्वा
page033_line012.png,ज पे॒ यं त द्य॒ दे॒ वै त द॒ न्न मु द॒ जै षी त्त॒ दे॒ वा स्मा ऽ ए
page034_line001.png,धी॒ त्ये॒ वै त॒ दा ह युं जं॒ तु त्वा म रु॒ तो व्वि श्व॒ वे द स ऽ
page034_line002.png,इ॒ ति युं जं॒ तु त्वा दे वा ऽ इ॒ त्ये॒ वै इ॒ त॒ दा ह॒ ते त्व॒ ष्टा
page034_line003.png,प त्सु॒ ज वं॒ द धा त्वि॒ ति ना॒ त्र ति रो॒ हि त मि वा स्त्य॒
page034_line004.png,थ द क्षि णा प्र ष्टिं॒ यु न क्ति स व्या प्र ष्टिं वा ऽ अ॒ ग्रे
page034_line005.png,मा नु षे॑ थै वं॒ दे व त्रा॒।९। स॒ यु न क्ति। ज वो य॒ स्ते
page034_line006.png,व्वा जिं नि॒ हि तो गु॒ हा यः॒ श्ये ने प॒रीत्तोऽ अ॒च
page034_line007.png,र च्च व्वा॒त ऽ इ॒ ति ज वो य॒ स्ते बा जि न्न॒ प्य न्य॒ त्रा ष
page034_line008.png,नि॒ हि त स्ते॒ न न इ मं॒ य ज्ञ॒ म्प्र जा॒ प ति मु॒ ज्ज ये॒
page034_line009.png,त्ये व इ॒ त॒ दा ह ते॒ न नो वा जि न्ब॑ ल वा न्ब॑ ले न
page034_line010.png,व्वा ज जि॒ च्च भ॒ व स॒ म ने च पा र यि ष्णु रि त्यं॒ नं
page034_line011.png,व्वै व्वा॒ जों ऽ न जि॒ च्च न ऽ ए॒ ध्य स्मिं॒ श्च नो य ज्ञे॒ दे
page034_line012.png,व स म न॒ इ मं॒ य ज्ञं॒ प्र जा॒ प ति मु॒ ज्ज ये॒ त्ये॒ वै
page036_line001.png,स॒ म भ व द॒ स र्व्वो हि वै॒ स म॒ भ व त्त॒ स्मा न्न स॒ र्व्वैः
page036_line002.png,प द्भिः प्र॒ ति ति ष्ठ त्ये॒ कै क मे व पा॒ द मु द॒ च्य ति ष्ठ
page036_line003.png,ति त द्य॒ दे॒ वा स्या॒ त्रा प्स्व॒ ही य त ते॒ नै॒ वै न मे
page036_line004.png,त त्स॒ म र्द्ध य ति कृ त्स्नं॒ क रो ति त॒ स्मा द॒ श्वा न द्भि॒ र॒
page036_line005.png,भ्यु॒ क्ष ति स्न॒ प ना या भ्य व नी य॒ मा नां त्स्न पि ता॒
page036_line006.png,न्वो दा॒ नी ता न्।५। सो॒ भ्यु क्ष ति॒ अ॒ प्स्व न्त॒ र मृ त
page036_line007.png,म प्सु॒ भे ष ज॒ म पा॒ मु त प्र॒ श स्ति ष्व॒ श्वा भ॒ व त व्वा
page036_line008.png,जि॒ न ऽ इ॒ त्य ने ना॒ पि दे॒ वी रा पो यो॒ व ऊ र्मिः
page036_line009.png,प्र॒ तू र्तिः क कु न्मा न्वा ज सा स्ते॒ ना यं व्वा॒ ज ᳰ
page036_line010.png,से दि त्यं॒ नं वै व्वा॒ ज स्ते॒ ना य मं॒ न मु॒ ज्ज य त्वि॒ त्ये॒
page036_line011.png,वै त॒ दा ह॒।६। अ॒ थ र॒ थं यु न क्ति। स॒ द क्षि णा यु
page036_line012.png,ग्य॒ मे वा॒ ग्रे यु न क्ति स व्या यु ग्यं वा ऽ अ॒ ग्रे मा
page037_line001.png,ह।४। तं॒ धू र्गृ ही त॒ म न्त र्व्वे॒ द्य॒ भ्य॒ व व र्त्त य ति व्वा॒
page037_line002.png,ज स्य नु॒ प्र स वे॒ मा त॒ रं म ही मि त्यं॒ नं व्वै व्वा जों॒ ऽ
page037_line003.png,न स्य नु॒ प्र स वे॒ मा त॒ रं म ही मि॒ त्ये॒ वै त॒ दा हा॒
page037_line004.png,दि तिं ना॒ म व्व॒ च सा क रा म ह ऽ इ॒ ती यं वै॒ पृ
page037_line005.png,थि व्य॒ दि ति स्त॒ स्मा दा हा॒ दि तिं ना॒ म व्व॒ च सा
page037_line006.png,क रा म ह ऽ इ॒ ति य॒ स्या मि दं व्वि॒ श्वं भु॒ व न मा वि
page037_line007.png,वे शे॒ त्य स्या ᳰ ही॒ द ᳰ स॒ र्व्वं भु॒ व न मा॒ वि ष्टं त॒ स्यां
page037_line008.png,नो दे वः॒ स वि ता ध॒ र्म्म सा वि ष दि॒ ति त॒ स्यां नो
page037_line009.png,दे वः॒ स वि ता य॒ ज मा न ᳰ सु व ता मि॒ त्ये॒ वै त॒ दा
page037_line010.png,ह।४। अ था॒ श्वा न द्भि॒ र भ्यु॒ क्ष ति स्न॒ प ना या
page037_line011.png,भ्य व नी य॒ मा नां त्स्न पि ता॒ न्वो दा॒ नी ता न द्भ्यो॒
page037_line012.png,ह वा ऽ अ ग्रे॒ श्वः सं॒ ब भू व॒ सो ऽद्भ्यः॒ सं भ॒ वं न॒ स र्व्वः
page038_line001.png,व ने भि॒ षिं च ति । मा॒ ध्यं दि ने स॒ व न ऽ आ जिं॒ धा वं त्ये
page038_line002.png,ष वै॒ प्र जा॒ प ति र्य॒ ऽ ए ष॒ य ज्ञ॒ स्ता य॒ ते य॒ स्मा दि माः॒
page038_line003.png,प्र जाः प्र॒ जा ता ऽ ए त॒ म्वे वा॒ प्ये त र्ह्य॒ नु प्र॒ जा यं ते त॒ न्म
page038_line004.png,ध्य त॒ ऽ ए॒ वै त॒ त्प्र जा॒ प ति मु॒ ज्ज य ति।२। अ॒ गृ ही ते मा
page038_line005.png,हें द्रे॒ । ए ष वा ऽ इं॒ द्र स्य नि॒ ष्के व ल्यो ग्र॒ हो य॒ न्मा हें
page038_line006.png,द्रो॒ ऽ प्य स्यै त न्नि॒ ष्के व ल्य मे व॒ स्तो त्रं नि॒ ष्के व ल्य ᳰ
page038_line007.png,श स्त्र मिं॒ द्रो वै य॒ ज मा न स्त॒ दे न ᳰ स्व॒ ऽ ए वा॒
page038_line008.png,य॒ त ने भि॒ षिं च ति त॒ स्मा द॒ गृ ही ते मा हें द्रे॒।
page038_line009.png,३। अ॒ थ  र॒ थ मु पा॒ व ह र ति इं॒ द्र स्य व्व॒ ज्रो सी॒ ति व्व॒ ज्रो वै र॒ थ ऽ इं॒ द्रो वै य॒
page038_line010.png,ज मा न स्त॒ स्मा दा हें॒ द्र स्य व्व॒ ज्रो सी॒ ति व्वा ज सा
page038_line011.png,ऽ इ॒ ति व्वा ज सा हि र॒ थ स्त्व॒ या यं व्वा॒ ज ᳰ से दि त्यं॒
page038_line012.png,नं व्वै व्वा॒ ज स्त्व॒ या य मं॒ न मु॒ ज्ज य त्वि॒ त्ये वै त॒ दा
page039_line001.png,य त्य॒ थ य॒ त्पु रा॒ प्र च॒ रे द्य॒ था य म॒ ध्वा न मे ष्यं त्स्या
page039_line002.png,त्तं॒ ग त्वा स क्व त॒ तः स्या॒ दे वं त त्त॒ स्मा दे षा म॒ त्र ह
page039_line003.png,वि॒ र्भिः प्र च रं ति।१३। त॒ दु त॒ था न॒ कु र्या त्। ह्व॒ ल
page039_line004.png,ति वा॒ ऽ ए ष यो॒ य ज्ञ प था दे त्ये॒ ति वा॒ ऽ ए ष॒ य ज्ञ प
page039_line005.png,था द्य॒ ऽ ए वं॒ क रो॒ ति त॒ स्मा द्य॒ त्रै वै॒ त रे षां प शू नां॒
page039_line006.png,व्व पा॒ भिः प्र च रं ति त॒ दे॒ वै ते॒ षां व्व पा॒ भिः प्र॒ च रे
page039_line007.png,यु र्य॒ त्रै वे॒ त रे षां प शू ना॒ ᳰ ह वि॒ र्भिः प्र च॒ रं ति त॒ दे॒ वै
page039_line008.png,ट्कृ ते जु हो ति।१४। ब्रा ह्म णं॥३॥ तं वै मा॒ ध्यं दि ने स॒
page039_line009.png,ते॒ षा ᳰ ह वि॒ षा प्र॒ च रे यु रे॒ का नु वा॒ क्या भ व त्ये॒ का
page039_line010.png,या॒ ज्यै क दे व॒ त्या हि॒ प्र जा॒ प त य ऽ इ॒ त्यु पा ᳰ शू॒ क्त्वा
page039_line011.png,छा॒ गा ना ᳰ ह वि षो॒ नु ब्रू ही॒ ति प्र जा॒ प त य ऽ इ॒ त्ये वो
page039_line012.png,पा॒ ᳰ शू क्त्वा छा॒ गा ना ᳰ ह विः प्र॒ स्थि तं प्रे ष्ये॒ ति व्व॒ ष
page040_line001.png,स्युः स॒ र्व मु॒ ह्ये॒ वे॒ दं प्र जा॒ प तिः।१०। त द्धै के व्वा च॒ ऽ
page040_line002.png,उ त्त म मा॒ ल भं ते य॒ दि वै॒ प्र जा॒ प तेः प॒ र म॒ स्ति व्वा॒
page040_line003.png,गे व त॒ दे त द्वा॒ च मु॒ ज्ज या म इ॒ ति व॒ दं त स्त॒ दु त॒ था
page040_line004.png,न॒ कु र्या त्स॒ र्व्वं व्वा॒ इ दं॒ प्र जा॒ प ति र्य॒ दि मे॒ लो का य॒
page040_line005.png,दि दं किं॒ च सा य॒ दे॒ वै षु॒ लो के॒ षु व्वा ग्व॒ द ति त द्वा॒
page040_line006.png,च मु॒ ज्ज य ति त॒ स्मा दु तं न्ना॒ द्रि ये त।११। ते॒ षा मा
page040_line007.png,वृ त् । य॒ त्र मै त्रा व रु णो॒ व्वा म दे व्य॒ म नु श॒ ᳰ स ति त॒
page040_line008.png,दे षां व्व पा॒ भिः प्र॒ च रे युः प्र ज॒ न नं व्वै व्वा म दे व्यं॒ प्र ज॒
page040_line009.png,न नं प्र जा॒ प तिः प्रा जा प त्या॒ ऽ ए ते त॒ स्मा दे षा म॒ त्र
page040_line010.png,व्व पा॒ भि प्र॒ च रे युः।१२। अ॒ थे ष्टा॒ ऽ अ नु या जा भ॒ वं ति।
page040_line011.png,अ॒ व्यू ढे स्रु॒ चा व॒ थै षा ᳰ ह वि॒ र्भिः प्र॒ च रं ति सों ऽ तों॒ ऽ
page040_line012.png,तो वै॒ प्र जा॒ प ति स्त॒ दं त त॒ ऽ ए॒ वै त॒ त्प्र जा॒ प ति मु॒ ज्ज
page042_line001.png,व दा॒ ना नि त द्य॒ द र्द्धा॒ नां द्वि॒ र्द्वि र व द्य॒ ति त॒ थै षा॒ कृ त्स्ना॒
page042_line002.png,म्भ व त्य॒ थ य॒ दे तैः᳘ प्र च॒ र ति ते॒ न दै᳘ वीं व्वि॒ श मु॒ ज्ज
page042_line003.png,य त्य॒ था र्द्धा᳘ नि मा नु ष्यै᳘ वि श ऽ उ॒ प ह र ति ते॒ नो
page042_line004.png,मा नु षीं वि॒ श मु॒ ज्ज य ति॥५॥ त॒ दु त॒ था न॒ कु या त्
page042_line005.png,ह्व॒ ल ति वा॒ ऽ ए ष यो॒ य ज्ञ प था दे त्ये॒ ति वा॒ ऽ ए ष॒ य
page042_line006.png,ज्ञ प था द्य॒ ए वं॒ क रो॒ ति त॒ स्मा द्य॒ त्रै वे᳘ त रे षां प शू॒
page042_line007.png,नां व्व पा॒ भिः प्र च॒ रं ति त॒ दे᳘ वै त॒ स्यै व्व प॒ या प्र॒ च रे
page042_line008.png,यु रे क᳘ धा व दा॒ ना नि श्र प यं ति न॒ मा नु ष्यै᳘ वि श ऽ
page042_line009.png,उ॒ प ह र ति॥६॥ अ॒ थ स प्त॒ द श प्रा जा प त्या॒ न्प शू ना॒ ल
page042_line010.png,भ ते। ते वै स॒ र्वे तू प रा॒ भ वं ति स॒ र्व्वे श्या माः स॒ र्वे मु
page042_line011.png,ष्क राः॒ प्र जा॒ प तिं वा॒ ऽ ए ष ऽ उ॒ ज्ज य ति यो॒ वा ज पे॒
page042_line012.png,ये न य॒ ज तें॒ नं वै᳘ प्र जा॒ प तिः प शु र्व्वा ऽ अं॒ नं त॒ त्प्र जा॒
page042_line013.png,प ति मु॒ ज्ज य ति सो॒ मो वै᳘ प्र जा॒ प तिः प शु र्वै᳘ प्र त्य॒
page043_line001.png,ये॒ ऽ ए व के॒ च मा रु॒ त्यौ स्या तां। दु र्व्वे॒ दो ऽ ए व॒ व्व शा पृ᳘
page043_line002.png,श्नि र्य॒ दि व्व शां पृ᳘ श्निं न॒ विं दे॑ द॒ पि᳘ यै॒ व का॒ च व्व
page043_line003.png,शा॒ स्या त्।३। त॒ स्या ऽ आ वृ त्। य॒ त्र हो॒ ता मा हें द्रं
page043_line004.png,ग्र॒ ह म नु श᳘ ᳰ स ति त॒ द स्यै व्व प॒ या प्र॒ च रे यु रे
page043_line005.png,ष वा ऽ इं॒ द्र स्य नि॒ ष्के व ल्यो ग्र᳘ हो य॒ न्मा हें द्रो॒ प्य
page043_line006.png,स्यै त न्नि॒ ष्के व ल्य मे व॒ स्तो त्रं नि॒ ष्के व ल्य ᳰ श स्त्र
page043_line007.png,मि॒ न्द्रो वै य॒ ज मा न स्त॒ न्म ध्य त॒ ऽ ए वै त द्य॒ ज मा ने
page043_line008.png,व्वी र्यं॒ द धा ति त॒ स्मा द स्या ऽ अ॒ त्र व्व प॒ या प्र॒ च रे
page043_line009.png,युः॥४॥ द्वे धा॒ व दा॒ ना नि श्र प य न्ति। त॒ तो र्द्धा॒ नां
page043_line010.png,जु ह्वा॒ मु प स्ती॑ र्य द्वि॒ र्द्वि र॒ व द्य ति स कृ द भि॒ घा
page043_line011.png,र य ति प्र॒ त्य न क्त्य व दा॒ ना न्य॒ थो प भृ ति स कृ
page043_line012.png,त्स कृ द॒ व द्य ति द्वि॒ र भि॒ घा र य ति न प्र॒ त्य न क्त्य
page045_line001.png,व च्च नै॒ नो भ व ति या॒ व त्तृ॒ ण स्या॒ ग्रं तौ उ॒ सा द य तः॥
page045_line002.png,१८॥ अ॒ था ध्व र्युः॒ हि र ण्य पा त्रे॒ ण म धु ग्र हं॒ गृ ह्णा
page045_line003.png,ति तं म॒ ध्ये सो म ग्र हा॒ णा ᳰ सा द य त्य॒ थो क्थ्यं गृ
page045_line004.png,ह्णा त्य॒ थ ध्रु व म॒ थै तां॒ त्सो म ग्र हा॒ नु त्त मे॒ स्तो त्र॒ ऽ
page045_line005.png,ऋ त्वि॒ जां च म से॒ षु व्य व नी॒ य जु ह्व ति॑ ता॒ न्भ क्ष यं
page045_line006.png,त्य॒ थ मा॒ ध्यं दि ने स॒ व ने म धु ग्र ह॒ स्य च सु रा ग्र हा॒
page045_line007.png,णां चो द्य ते त स्या॒ तः॥१९॥ ब्राह्मणं॥२॥ आ ग्ने य॒ म
page045_line008.png,ग्नि ष्टो मः ऽ आ॒ ल भ ते । अ ग्नि र्व्वा॒ अ ग्नि ष्टो॒ मो ऽ ग्नि ष्टो॑
page045_line009.png,म॒ मे॒ वै ते नो॒ ज्ज य त्यैं द्रा ग्न॒ मु क्थे॒ भ्य ऽ आ॒ ल भ त ऽ
page045_line010.png,ऐं द्रा ग्ना॒ नि वा॒ ऽ उ क्था॒ न्यु क्था न्ये॒ वै ते नो॒ ज्ज य त्यैं
page045_line011.png,द्र॒ ᳰ षो ड शि॒ न ऽ आ॒ ल भ त ऽ इं॒ द्रो वै॒ षो ड शी॒ षो ड
page045_line012.png,शि॒ न मे॒ वै ते नो॒ ज्ज य ति॥१॥ सा र स्व त॒ ᳰ स प्त द
page046_line001.png,ण्य भ्य॒ व ह रं ति पु रो क्ष॒ मे व॒ प्र त्यं ङा॒ सी नो ध्व र्युः॒ सो म
page046_line002.png,ग्र हा॒ न्गृ ह्णा॒ ति प श्चा द क्षं प्रा ङा॒ सी नो ने॒ ष्टा सु रा ग्र
page046_line003.png,हां॒ त्सो म ग्र ह॒ मे॒ वा ध्व र्यु र्गृ ह्णा॒ ति सु रा ग्र हं ने॒ ष्टा सो
page046_line004.png,म ग्र ह॒ मे॒ वा ध्व र्यु॒ र्गृ ह्णा॒ ति सु रा ग्र हं ने॒ ष्टै व॒ मे वै ना
page046_line005.png,न्व्य त्या॒ सं गृ ह्णी तः॥१६॥ न॒ प्र त्यं॒ च म॒ क्ष म ध्व र्युः॒ सो म
page046_line006.png,ग्र ह॒ म ति ह॒ र ति न प्रां॒ च म॒ क्षं ने॒ ष्टा सु रा ग्र हं ने ज्ज्यो॑
page046_line007.png,ति श्च त॒ म श्च स ᳰ सृ जा वे॒ ति॥१७॥ उ प॒ र्यु प र्ये वा॒ क्ष
page046_line008.png,म ध्व र्युः॒ सो म ग्र हं॒ धा र॒ य त्य॒ धो धो॒ क्षं ने॒ ष्टा सु रा ग्र
page046_line009.png,हं॒ ᳰ सं पृ चौ स्थः सं॒ मा भ द्रे॒ ण पृ ङ्त मि॒ ति ने॒ त्पा प
page046_line010.png,मि॒ ति ब्र॒ वा वे॒ ति तौ पु॒ न र्वि॒ ह र तो व्वि पृ चौ स्थो वि॒
page046_line011.png,मा पा प्म॒ ना पृ ङ्त मि॒ ति त द्य॒ थे षी॒ कां मुं जा द्वि वृ हे॒
page046_line012.png,दे॒ व॒ मे न ᳰ स॒ र्व्व स्मा त्पा प्म॒ नो  व्वि॒ वृ ह त स्त॒ स्मि न्न ता॒
page047_line001.png,ति मु॒ ज्ज य ति॥१३॥ अ॒ थ य॒ त्र रा॒ जा नं क्री णा॒ ति त॒ द्द
page047_line002.png,क्षि ण तः॒ प्र ति वे श तः॒ के श वा त्पु॒ रु षा त्सी॑ से न प
page047_line003.png,रि स्रु॒ तं क्री णा ति न वा॒ ऽ ए ष स्त्री न पु॒ मा न्य॒ त्के श वः
page047_line004.png,पु॒ रु षो य द॒ ह पु॒ मां स्ते॒ न न स्त्री य॒ दु के श व स्ते॒ नो
page047_line005.png,न पु॒ मा न्नै॒ त द॒ यो न हि॒ र ण्यं य त्सी॒ सं॒ नै ष॒ सो॒ मो
page047_line006.png,न सु॒ रा य॒ त्प रि स्रु त्त॒ स्मा त्के श वा त्पु॒ रु षा त्सी॑ से न
page047_line007.png,प रि स्रु॒ तं क्री णा ति॥१४॥ अ॒ थ पू र्वे द्युः द्वौ ख॒ रौ कु र्वं
page047_line008.png,ति पु रो क्ष॒ मे॒ वा न्यं॒ प श्चा द क्ष॒ मं न्यं ने॒ त्सो म ग्र हां॒ श्च सु
page047_line009.png,रा ग्र हां॒ श्च स ह॒ सा द॒ या मे॒ ति त॒ स्मा त्पू र्व्वे द्यु र्द्वौ ख॒
page047_line010.png,रौ कु र्व्वं ति पु रो क्ष॒ मे॒ वा न्यं॒ प श्चा द क्ष॒ म न्यं ॥१५॥ अ॒ थ य॒
page047_line011.png,त्र पू॒ र्व या द्वा रा॒ व्व स ती व॒ रीः प्र पा द॒ यं ति त द॒ प र या
page047_line012.png,द्वा रा ने॒ ष्टा प रि स्रु॒ तं प्र॒ पा द य ति॑ द क्षि ण तः पा॒ त्रा
page049_line001.png,सो यो॒ यं प॒ व ते॑ स॒ ऽ ए ष सू॒ र्ये स मा॒ हि तः सू॒ र्या त्प व त ऽ
page049_line002.png,ए त॒ मे॒ वै ते॒ न र॒ स मु॒ ज्ज य ति॥7॥ ग्र॒ हा ऽ ऊ र्ज्जा हु त यः।
page049_line003.png,व्यं॒ तो व्वि॒ प्रा य म तिं॥ ते॒ षां वि॒ शि प्रि या णां व्वो ह मि॒ ष मू॒
page049_line004.png,र्ज ᳰ स॒ म ग्र भ॑ मु प या म॒ गृ ही तो सीं॒ द्रा य त्वा जु॒ ष्टं गृ
page049_line005.png,ह्णा म्ये ष॒ ते यो॒ नि रिं॒ द्रा य त्वा जु॒ ष्ट त म मि॒ ति सा द य
page049_line006.png,त्यू र्ग्वै र॒ सो र॒ स मे॒ वै ते नो॒ ज्ज य ति॥8॥ ता न्वा॒ ए ता॒ न्
page049_line007.png,पं॒ च व्वा ज पे य ग्र हा॒ न्गृ ह्णा ति॑ प्र जा॒ प तिं वा॒ ऽ ए ष ऽ उ॒ ज्ज
page049_line008.png,य ति यो॒ व्वा ज पे॒ ये न य॒ ज ते॑ सं व्व त्स रो वै॒ प्र जा॒ प तिः
page049_line009.png,प॒ ञ्च वा॒ ऽ ऋ त॒ वः सं व्व त्स र॒ स्य त॒ त्प्र जा॒ प ति मु॒ ज्ज य ति त॒
page049_line010.png,द॒ स्मा त्पं॒ च व्वा ज पे य ग्र हा॒ न्गृ ह्णा ति॒॥9॥ अ॒ थ स प्त॒ द
page049_line011.png,श सो म ग्र हा॒ न्गृ ह्णा॒ ति। स प्त॒ द श सु रा ग्र हा॒ न्प्र जा॒
page049_line012.png,प ते र्व्वा॒ ऽ ए ते ऽ अं॒ ध सी य त्सो॒ म श्च सु॒ रा च त॒ तः स त्य ᳰ
page050_line001.png,यै व॑ त॒ स्मा द्वा॒ ऽ अं शुं गृ ह्णा त्य॒ थै ता न्प्र॒ ज्ञा ता ने
page050_line002.png,वा॒ ग्नि ष्टो मि का न्ग्र॒ हा न्गृ ह्णा॒ त्या॒ ग्र य णात्॥1॥
page050_line003.png,अ॒ थ पृ ष्ठ्या॒ न्गृ ह्णा ति॥ त द्य॒ दे॒ वै तै॒ र्दे वा॒ ऽ उ द॒ ज
page050_line004.png,यं स्त॒ दे॒ वै ष॒ ऽ ए तै रु॒ ज्ज य ति॒॥2॥ अ॒ थ षो ड शि॒ नं गृ
page050_line005.png,ह्णा ति॑ । त द्य॒ दे॒ वै ते नें॒ द्र ऽ उ द॒ ज य त्त॒ दे॒ वै ष॒ ऽ ए ते नो॒
page050_line006.png,ज्ज य ति॒॥3॥ अ॒ थै ता न्प॑ ञ्च वा ज पे य ग्र हा॒ न्गृ ह्णा ति।
page050_line007.png,य त्ये॑ ष वै॒ दे व स॒ न्ना क स॒ दे ष॒ ऽ ए व॒ दे व लो को॑ दे
page050_line008.png,व लो क॒ मे॒ वै ते नो॒ ज्ज य ति॥6॥ अ पा ᳰ र॒ स मु॒ द्व
page050_line009.png,य स ᳰ सू॒ र्ये स॒ न्त ᳰ स मा॒ हि तं॥ अ पा ᳰ र॒ स स्य
page050_line010.png,यो र॒ स स्तं॒ व्वो गृ ह्णा म्यु त्त म॒ मु प या म॒ गृ ही तो
page050_line011.png,ऽसीं॒ द्रा य त्वा जु॒ ष्टं गृ ह्णा म्ये ष॒ ते यो॒ नि रि॒ न्द्रा य
page050_line012.png,त्वा जु॒ ष्ट त म मि॒ ति सा द य त्ये॒ ष वा॒ अ पा ᳰ र॒
page051_line001.png,ष॒ ते यो॒ नि रिं॒ द्रा य त्वा जु॒ ष्ट त म मि॒ ति सा द य त्ये॑ षा
page051_line002.png,वै॒ लो का॒ ना म य॒ मे व॒ व्यो मे द॒ मं त॒ रि क्ष मं त रि
page051_line003.png,क्ष लो क॒ मे॒ वै ते नो॒ ज्ज य ति॥5॥ पृ थि वि स॒ दं
page051_line004.png,त्वा अं त रि क्ष स॒ दं दि वि स॒ दं दे व स॒ दं ना क स॒
page051_line005.png,द मु प या म॒ गृ ही तो सी॒ न्द्रा य त्वा जु॒ ष्टं गृ ह्णा
page051_line006.png,म्ये ष॒ ते यो॒ नि रि॒ न्द्रा य त्वा जु॒ ष्ट त म मि॒ ति सा द
page051_line007.png,व्यो॑ ग न्ध र्व्वः॒ के त पूः॑ के॒ तं नः पु ना तु॑ व्वा च स्प॒ ति र्व्वा॒
page051_line008.png,ज नः स्व द तु स्वा हे॒ ति॑ प्र जा॒ प ति र्व्वै॒ व्वा च स्प॒ ति रं॒
page051_line009.png,नं व्वा॒ जः प्र जा॒ प ति र्न ऽ इ द॒ म द्यां॒ न ᳰ स्व द त्वि॒ त्ये॒
page051_line010.png,वै त॒ दा ह॑ स॒ ऽ ए ता॒ मे वा॒ हु तिं जु हो त्या॒ श्वः सु त्या॒ या
page051_line011.png,ऽ ए त॒ द्ध्य स्यै त त्क र्म्मा॒ र ब्धं भ॒ व ति॑ प्र॒ सं न ऽ ए तं॒ य ज्ञं॒
page051_line012.png,भ व ति॑॥१॥ अ ᳰ शुं॒ गृ ह्णा ति॥ सर्वत्वा॒
page052_line001.png,व त्त॒ त्स वि तृ॒ प्र सू त ऽ उ द॒ ज य॑ दे व॒ मे वै ष॒ ऽ ए त॒ त्स
page052_line002.png,वि ता॒ र मे व॒ प्र स वा यो॒ प धा व ति स वि ता वै॒ दे वा॒
page052_line003.png,नां प्र स वि॒ ते द॒ मे प्र॒ सु व॑ त्व॒ त्प्र सू त ऽ इ द मु॒ ज्जया
page052_line004.png,नी॒ ति त॒ द स्मै स वि ता॒ प्र स वि ता प्र॒ सौ ति॑ त॒ त्स
page052_line005.png,वि तृ॒ प्रसूत ऽ उ॒ ज्ज य ति॥15॥ त॒ स्मा दा हा दे॒ व
page052_line006.png,स वि तः प्र॒ सु व य ज्ञं प्र॒ सु व य ज्ञ॒ प तिं भ॒ गा य दि
page052_line007.png,ध्रु व स॒ दं त्वा नृ ष॒ दं म नः स॒ द मु प या म॒ गृ ही
page052_line008.png,तो सी॒ न्द्रा य त्वा जु॒ ष्टं गृ ह्णा म्ये ष॒ ते यो॒ नि रि॒ न्द्रा य
page052_line009.png,त्वा जु॒ ष्ट त म मि॒ ति सा द य त्ये षां वै॒ लो का॒ ना म
page052_line010.png,य॒ मे व॒ ध्रु व॒ ऽ इ यं॒ पृ थि॒ वी॑ म॒ मे॒ वै॒ ते॒ न लो क
page052_line011.png,मु॒ ज्ज य ति॥4॥ अ प्सु ष॒ दं त्वा घृ त स॒ दं व्यो म स॒
page052_line012.png,द मु प या म॒ गृ ही ता ऽसीं॒ द्रा य त्वा जु॒ ष्टं गृ ह्णा म्ये
page053_line001.png,म॒ व र वै॒ रा ज सू॒ यं प॒ रं व्वा ज पे॒ यं॥12॥ रा॒ जा वै॒ रा
page053_line002.png,ज सू॒ ये ने ष्ट्वा भ॒ व ति॥ स म्रा॒ ड्वा ज पे॒ ये ना॒ व र ᳰ हि॒
page053_line003.png,रा ज्यं॑ प॒ र ᳰ सा॒ म्रा ज्यं॑ का म॒ ये त वै रा॒ जा स म्रा ड्भ॑ वि तु
page053_line004.png,म॒ व र ᳰ हि॒ रा ज्यं प॒ रᳰ सा॒ म्रा ज्यं॑ न॒ स म्रा॑ ट्का म ये त रा॒
page053_line005.png,जा भ॒ वि तु म॒ व र ᳰ हि॒ रा ज्यं॑ प॒ र ᳰ सा॒ म्रा ज्यं॥13॥ स
page053_line006.png,यो॒ व्वा ज पे॒ ये ने ष्ट्वा॑ स म्रा ड्भ॑ व ति। स इद ᳰ स॒र्व्व
page053_line007.png,ᳰ सं॒ व्वृ ङ्क्ते स क॒ र्म णः क र्म णः पु र॒ स्ता दे तां॒ सा वि
page053_line008.png,त्री मा॒ हु तिं जु हो ति दे॒ व स वि तः प्र॒ सु व य ज्ञ म्प्र॒
page053_line009.png,सु व य ज्ञ॒ प ति म्भ॒ गा ये॒ ति॥14॥ त द्य॒ थै वा॒ दो बॄ
page053_line010.png,ह स्प॒ तिः स वि ता॒ र म्प्र स वा॒ यो पा॒ धा व त्स वि ता
page053_line011.png,व इ॒ दे वा॒ ना म्प्र स वि ते॒ द॒ म्मे प्र॒ सु व त्व॒ त्प्र सू त इ द
page053_line012.png,मु॒ ज्ज या नी॒ ति त॒ द स्मै स वि ता॒ प्र स वि ता प्रा॒ सु
page055_line001.png,ची॒ न म्प्र त्य॒ व रो ह न्ति॥५॥ ते ने॒ न्द्रो ऽ य ज त स॒ इ दं
page055_line002.png,स॒ र्व म भ व त्स॒ इ द ᳩ स॒ र्व मु॒ द ज य त्प्र जा॒ प तिं
page055_line003.png,ह्यु॒ द॒ ज य त्स॒ र्व मु  ह्ये॒ वे॒ द॒ म्प्र जा॒ प ति स्ते॒ ने ष्ट्व इ॒
page055_line004.png,ता॒ मे वो॒ र्ध्वां दि॒ श मु॒ द क्रा म त्॥६॥ श तं ॥ २९००॥
page055_line005.png,त द्ये॒ ह स्म पु रा॒ वा ज पे॒ ये न य॒ ज न्ते ए तां॒ ह स्मै
page055_line006.png,वो॒ र्ध्वां दि॒ श मु॒ त्क्रा म न्ति त॒ त अ उ॒ पा वि नै व॒ जा न श्रु
page055_line007.png,ते ये॒ न प्र त्य॒ व रू ढं त॒ तोऽ र्वा ची॒ न म्प्र त्य॒ व रो ह
page055_line008.png,न्ति॥७॥ स यो॒ वा ज पे॒ ये न य॒ ज ते स॒ इ द ᳩ स॒ र्व म्भ व ति स॒
page055_line009.png,इ द ᳩ स॒ र्व मु॒ ज्ज य ति प्र जा॒ प ति ᳩ ह्यु॒ ज्ज॒ यति  स॒
page055_line010.png,र्व मु ह्ये॒ वे॒ द॒ म्प्र जा॒ प तिः॥८॥ त॒ दा हुः न॒ वा ज पे॒ ये न
page055_line011.png,य जे॒ त स॒ र्वं वा॒ ए ष॒ इ द मु॒ ज्ज य ति यो॒ वा ज पे॒ ये
page055_line012.png,न य॒ ज ते प्र जा॒ प ति ᳩ ह्यु॒ ज्ज॒ य ति स॒ र्व मु ह्ये॒ वे॒ दं
page056_line001.png,न्मु॑ खं य॒ द ति मा नः॒॥१॥ अ॒ थ दे वाः॒ अ न्यो॒ न्य॒
page056_line002.png,स्मि न्ने व जु॒ ह्व त श्चे रु स्ते॒ भ्यः प्र जा॒ प ति रा त्मा॒
page056_line003.png,न म्प्र॒ द दौ य ज्ञो॒ है षा मा स य ज्ञो हि॒ दे वा॒ ना
page056_line004.png,म॒ न्न म्॥२॥ ते॒ हो चुः क॒ स्य न इ द॒ म्भ वि ष्य ती॒ ति ते
page056_line005.png,म॒ म म मे॒ त्ये व न॒ स म्पा द यां॒ च क्रु स्ते हा॒ स म्पा
page056_line006.png,द्यो चु रा जि॒ मे वा॒ स्मि॑ न्न जा म है स यो॒ न उ
page056_line007.png,य त्प्र जा॒ प ति ह्यु॒ द॒ ज य त्स॒ र्व मु ह्ये॒ वे॒ दं प्र जा॒
page056_line008.png,प ति स्ते॒ ने ष्ट्वै ता॒ मे वो॒ र्द्ध्वां दि॒ श मु॒ द क्रा म॑ त्त॒
page056_line009.png,स्मा द्य॒ शच व्वे॒ द य॒ श्चा ने॒ षो बॄ ह स्प॒ ते र्दि गि॒
page056_line010.png,त्ये॒ वा हुः॑॥४॥ त द्ये॒ ह स्म पु रा॒ वा ज पे॒ ये न य॒ ज
page056_line011.png,न्ते ए ता॒ ᳩ ह स्मै वो॒ र्ध्वा दि॒ श मु॒ त्क्रा म न्ति त॒ त ऽ उ॒
page056_line012.png,पा वि नै व॒ जा न श्रु ते ये॒ न प्र त्य॒ व रू ढं  त॒ तो ऽ र्व्वा
page057_line001.png,ॐ न मो ग णे शा य। दे वा॒ श्च वाऽ अ॒ सु रा श्च
page057_line002.png,उ भ॒ ये प्रा जा प त्याः॒ प स्पृ धि रे त तो॒ऽ सु रा अ ति
page057_line003.png,मा ने॒ नै व क॒ स्मि न्नु॑ व यं॒ जु हु या मे॒ ति स्वे॒ ष्वे
page057_line004.png,वा॒ स्ये॒ षु जु॒ ह्व त श्चे रु स्ते॒ ऽ ति मा ने॒ नै व प॒ रा ब
page057_line005.png,भू वु स्त॒ स्मा न्ना॒ ति म न्ये त प रा भ व॒ स्य है त
page057_line006.png,ज्जे ष्य॒ ति त॒ स्य न इ द॒ म्भ वि ष्य ती॒ ति त थे॒ ति त॒ स्मि न्ना
page057_line007.png,जि॒ मा ज न्त स बॄ ह स्प॒ तिः स वि ता॒ र मे व॒ प्र स
page057_line008.png,वा यो॒ पा धा व त्स वि ता व इ॒ दे वा॒ ना म्प्र स वि ते॒ द
page057_line009.png,म्मे प्र॒ सु व त्व॒ त्प्र सू त इ द मु॒ ज्ज या नी॒ ति त॒ द स्मै
page057_line010.png,स वि ता॒ प्र स वि ता प्रा॒ सु व त्त॒ त्स वि तॄ प्र सू त उ॒ द
